Pokedex,Name,Types,Health,Attack,Defense,Special Attack,Special Defense,Speed,Movesets,Image
1,Bulbasaur,Grass;Poison,45,49,49,65,65,45,BodySlam;Rest;Mimic;Tackle;Rage;Growl;RazorLeaf;Toxic;MegaDrain;SwordsDance;DoubleTeam;Substitute;SleepPowder;DoubleEdge;TakeDown;SolarBeam;VineWhip;Cut;LeechSeed;Reflect;Growth;Bide;PoisonPowder,https://www.pokencyclopedia.info/sprites/gen5/ani_black-white/ani_bw_001.gif,bulbasaur
2,Ivysaur,Grass;Poison,60,62,63,80,80,60,BodySlam;Rest;Mimic;Tackle;Rage;Growl;RazorLeaf;Toxic;MegaDrain;SwordsDance;DoubleTeam;Substitute;SleepPowder;DoubleEdge;TakeDown;SolarBeam;VineWhip;Cut;LeechSeed;Reflect;Growth;Bide;PoisonPowder,https://www.pokencyclopedia.info/sprites/gen5/ani_black-white/ani_bw_002.gif,ivysaur
3,Venusaur,Grass;Poison,80,82,83,100,100,80,BodySlam;Rest;Mimic;Tackle;Rage;Growl;RazorLeaf;Toxic;MegaDrain;SwordsDance;DoubleTeam;HyperBeam;Substitute;SleepPowder;DoubleEdge;TakeDown;SolarBeam;VineWhip;Cut;LeechSeed;Reflect;Growth;Bide;PoisonPowder,https://www.pokencyclopedia.info/sprites/gen5/ani_black-white/ani_bw_003_f.gif,venusaur
4,Charmander,Fire,39,52,43,50,50,65,BodySlam;Strength;Rest;Dig;Mimic;Rage;Swift;Growl;MegaPunch;Leer;Toxic;SkullBash;SwordsDance;DoubleTeam;Slash;SeismicToss;Substitute;Ember;Submission;DoubleEdge;Scratch;FireSpin;TakeDown;FireBlast;DragonRage;Cut;Reflect;Bide;Counter;Flamethrower;MegaKick,https://www.pokencyclopedia.info/sprites/gen5/ani_black-white/ani_bw_004.gif,charmander
5,Charmeleon,Fire,58,64,58,65,65,80,BodySlam;Strength;Rest;Dig;Mimic;Rage;Swift;Growl;MegaPunch;Leer;Toxic;SkullBash;SwordsDance;DoubleTeam;Slash;SeismicToss;Substitute;Ember;Submission;DoubleEdge;Scratch;FireSpin;TakeDown;FireBlast;DragonRage;Cut;Reflect;Bide;Counter;Flamethrower;MegaKick,https://www.pokencyclopedia.info/sprites/gen5/ani_black-white/ani_bw_005.gif,charmeleon
6,Charizard,Fire;Flying,78,84,78,85,85,100,BodySlam;Strength;Rest;Dig;Mimic;Rage;Swift;Growl;MegaPunch;Leer;Toxic;SkullBash;SwordsDance;DoubleTeam;Slash;HyperBeam;SeismicToss;Substitute;Ember;Submission;Earthquake;Fissure;DoubleEdge;Scratch;FireSpin;TakeDown;FireBlast;DragonRage;Cut;Reflect;Bide;Counter;Flamethrower;MegaKick,https://www.pokencyclopedia.info/sprites/gen5/ani_black-white/ani_bw_006.gif,charizard
7,Squirtle,Water,44,48,65,50,50,43,BodySlam;Strength;Rest;WaterGun;Dig;HydroPump;Tackle;Mimic;Rage;Bite;MegaPunch;Toxic;Surf;SkullBash;Bubble;BubbleBeam;DoubleTeam;SeismicToss;Substitute;Submission;DoubleEdge;TakeDown;TailWhip;Reflect;Bide;Counter;MegaKick;Blizzard;Withdraw;IceBeam,https://www.pokencyclopedia.info/sprites/gen5/ani_black-white/ani_bw_007.gif,squirtle
8,Wartortle,Water,59,63,80,65,65,58,BodySlam;Strength;Rest;WaterGun;Dig;HydroPump;Tackle;Mimic;Rage;Bite;MegaPunch;Toxic;Surf;SkullBash;Bubble;BubbleBeam;DoubleTeam;SeismicToss;Substitute;Submission;DoubleEdge;TakeDown;TailWhip;Reflect;Bide;Counter;MegaKick;Blizzard;Withdraw;IceBeam,https://www.pokencyclopedia.info/sprites/gen5/ani_black-white/ani_bw_008.gif,wartortle
9,Blastoise,Water,79,83,100,85,85,78,BodySlam;Strength;Rest;WaterGun;Dig;HydroPump;Tackle;Mimic;Rage;Bite;MegaPunch;Toxic;Surf;SkullBash;Bubble;BubbleBeam;DoubleTeam;HyperBeam;SeismicToss;Substitute;Submission;Earthquake;Fissure;DoubleEdge;TakeDown;TailWhip;Reflect;Bide;Counter;MegaKick;Blizzard;Withdraw;IceBeam,https://www.pokencyclopedia.info/sprites/gen5/ani_black-white/ani_bw_009.gif,blastoise
10,Caterpie,Bug,45,30,35,20,20,45,Tackle;StringShot,https://www.pokencyclopedia.info/sprites/gen5/ani_black-white/ani_bw_010.gif,caterpie
11,Metapod,Bug,50,20,55,25,25,30,Tackle;Harden;StringShot,https://www.pokencyclopedia.info/sprites/gen5/ani_black-white/ani_bw_011.gif,metapod
12,Butterfree,Bug;Flying,60,45,50,80,80,70,Rest;Mimic;Tackle;Rage;Swift;Toxic;MegaDrain;StunSpore;DoubleTeam;HyperBeam;Substitute;Psychic;SleepPowder;Supersonic;DoubleEdge;Harden;TakeDown;Psywave;SolarBeam;Reflect;Confusion;Bide;PoisonPowder;RazorWind;Psybeam;Whirlwind;StringShot;Teleport;Gust,https://www.pokencyclopedia.info/sprites/gen5/ani_black-white/ani_bw_012_f.gif,butterfree
13,Weedle,Bug;Poison,40,35,30,20,20,50,StringShot;PoisonSting,https://www.pokencyclopedia.info/sprites/gen5/ani_black-white/ani_bw_013.gif,weedle
14,Kakuna,Bug;Poison,45,25,50,25,25,35,Harden;StringShot;PoisonSting,https://www.pokencyclopedia.info/sprites/gen5/ani_black-white/ani_bw_014.gif,kakuna
15,Beedrill,Bug;Poison,65,90,40,45,45,75,Rest;Mimic;FocusEnergy;Rage;FuryAttack;Swift;Toxic;MegaDrain;PoisonSting;SkullBash;SwordsDance;DoubleTeam;HyperBeam;Substitute;DoubleEdge;Harden;PinMissile;TakeDown;Cut;Twineedle;Reflect;Bide;Agility;StringShot,https://www.pokencyclopedia.info/sprites/gen5/ani_black-white/ani_bw_015.gif,beedrill
16,Pidgey,Normal;Flying,40,45,40,35,35,56,Rest;Mimic;Rage;Swift;Toxic;WingAttack;DoubleTeam;Substitute;SandAttack;DoubleEdge;TakeDown;SkyAttack;Fly;MirrorMove;QuickAttack;Reflect;Bide;RazorWind;Agility;Whirlwind;Gust,https://www.pokencyclopedia.info/sprites/gen5/ani_black-white/ani_bw_016.gif,pidgey
17,Pidgeotto,Normal;Flying,63,60,55,50,50,71,Rest;Mimic;Rage;Swift;Toxic;WingAttack;DoubleTeam;Substitute;SandAttack;DoubleEdge;TakeDown;SkyAttack;Fly;MirrorMove;QuickAttack;Reflect;Bide;RazorWind;Agility;Whirlwind;Gust,https://www.pokencyclopedia.info/sprites/gen5/ani_black-white/ani_bw_017.gif,pidgeotto
18,Pidgeot,Normal;Flying,83,80,75,70,70,101,Rest;Mimic;Rage;Swift;Toxic;WingAttack;DoubleTeam;HyperBeam;Substitute;SandAttack;DoubleEdge;TakeDown;SkyAttack;Fly;MirrorMove;QuickAttack;Reflect;Bide;RazorWind;Agility;Whirlwind;Gust,https://www.pokencyclopedia.info/sprites/gen5/ani_black-white/ani_bw_018.gif,pidgeot
19,Rattata,Normal,30,56,35,25,25,72,BodySlam;Rest;Thunderbolt;WaterGun;Dig;Mimic;Tackle;FocusEnergy;Rage;Swift;Toxic;SkullBash;SuperFang;BubbleBeam;DoubleTeam;Substitute;DoubleEdge;TakeDown;TailWhip;QuickAttack;Bide;HyperFang;Thunder;Blizzard,https://www.pokencyclopedia.info/sprites/gen5/ani_black-white/ani_bw_019_f.gif,rattata
20,Raticate,Normal,55,81,60,50,50,97,BodySlam;Rest;Thunderbolt;WaterGun;Dig;Mimic;Tackle;FocusEnergy;Rage;Swift;Toxic;SkullBash;SuperFang;BubbleBeam;DoubleTeam;HyperBeam;Substitute;DoubleEdge;TakeDown;TailWhip;QuickAttack;Bide;HyperFang;Thunder;Blizzard;IceBeam,https://www.pokencyclopedia.info/sprites/gen5/ani_black-white/ani_bw_020_f.gif,raticate
21,Spearow,Normal;Flying,40,60,30,31,31,70,Rest;Mimic;Rage;FuryAttack;Swift;Growl;DrillPeck;Toxic;Leer;DoubleTeam;Substitute;Peck;DoubleEdge;TakeDown;SkyAttack;Fly;MirrorMove;Bide;RazorWind;Agility;Whirlwind,https://www.pokencyclopedia.info/sprites/gen5/ani_black-white/ani_bw_021.gif,spearow
22,Fearow,Normal;Flying,65,90,65,61,61,100,Rest;Mimic;Rage;FuryAttack;Swift;Growl;DrillPeck;Toxic;Leer;DoubleTeam;HyperBeam;Substitute;Peck;DoubleEdge;TakeDown;SkyAttack;Fly;MirrorMove;Bide;RazorWind;Agility;Whirlwind,https://www.pokencyclopedia.info/sprites/gen5/ani_black-white/ani_bw_022.gif,fearow
23,Ekans,Poison,35,60,44,40,40,55,BodySlam;Screech;Strength;Rest;Dig;Mimic;Rage;Bite;Toxic;Leer;MegaDrain;PoisonSting;SkullBash;DoubleTeam;Substitute;Fissure;Earthquake;Glare;DoubleEdge;TakeDown;Acid;RockSlide;Bide;Wrap,https://www.pokencyclopedia.info/sprites/gen5/ani_black-white/ani_bw_023.gif,ekans
24,Arbok,Poison,60,95,69,65,65,80,BodySlam;Screech;Strength;Rest;Dig;Mimic;Rage;Bite;Toxic;Leer;MegaDrain;PoisonSting;SkullBash;DoubleTeam;HyperBeam;Substitute;Fissure;Earthquake;Glare;DoubleEdge;TakeDown;Acid;RockSlide;Bide;Wrap,https://www.pokencyclopedia.info/sprites/gen5/ani_black-white/ani_bw_024.gif,arbok
25,Pikachu,Electric,35,55,40,50,50,90,BodySlam;Rest;Thunderbolt;Mimic;ThunderWave;Rage;Swift;Growl;MegaPunch;Toxic;SkullBash;PayDay;DoubleTeam;SeismicToss;Substitute;Submission;DoubleEdge;TakeDown;Slam;TailWhip;ThunderShock;LightScreen;QuickAttack;Reflect;Bide;Thunder;MegaKick;Flash;Agility,https://www.pokencyclopedia.info/sprites/gen5/ani_black-white/ani_bw_025_f.gif,pikachu
26,Raichu,Electric,60,90,55,90,90,100,BodySlam;Rest;Thunderbolt;Mimic;ThunderWave;Rage;Swift;Growl;MegaPunch;Toxic;SkullBash;PayDay;DoubleTeam;HyperBeam;SeismicToss;Substitute;Submission;DoubleEdge;TakeDown;ThunderShock;QuickAttack;Reflect;Bide;Thunder;MegaKick;Flash;Agility,https://www.pokencyclopedia.info/sprites/gen5/ani_black-white/ani_bw_026_f.gif,raichu
27,Sandshrew,Ground,50,75,85,30,30,40,BodySlam;FurySwipes;Strength;Rest;Dig;Mimic;Rage;Swift;Toxic;PoisonSting;SkullBash;SwordsDance;DoubleTeam;Slash;SeismicToss;Substitute;Fissure;Submission;Earthquake;SandAttack;DoubleEdge;Scratch;TakeDown;Cut;RockSlide;Bide,https://www.pokencyclopedia.info/sprites/gen5/ani_black-white/ani_bw_027.gif,sandshrew
28,Sandslash,Ground,75,100,110,55,55,65,BodySlam;FurySwipes;Strength;Rest;Dig;Mimic;Rage;Swift;Toxic;PoisonSting;SkullBash;SwordsDance;DoubleTeam;Slash;HyperBeam;SeismicToss;Substitute;Fissure;Submission;Earthquake;SandAttack;DoubleEdge;Scratch;TakeDown;Cut;RockSlide;Bide,https://www.pokencyclopedia.info/sprites/gen5/ani_black-white/ani_bw_028.gif,sandslash
29,Nidoran♀,Poison,55,47,52,40,40,41,BodySlam;FurySwipes;Rest;Thunderbolt;Mimic;Tackle;Rage;Growl;Bite;Toxic;PoisonSting;SkullBash;DoubleTeam;Substitute;DoubleEdge;Scratch;TakeDown;TailWhip;Reflect;Bide;Thunder;Blizzard;DoubleKick,https://www.pokencyclopedia.info/sprites/gen5/ani_black-white/ani_bw_029.gif,nidoran♀
30,Nidorina,Poison,70,62,67,55,55,56,BodySlam;FurySwipes;Rest;Thunderbolt;WaterGun;Mimic;Tackle;Rage;Growl;Bite;Toxic;PoisonSting;HornDrill;SkullBash;BubbleBeam;DoubleTeam;Substitute;DoubleEdge;Scratch;TakeDown;TailWhip;Reflect;Bide;Thunder;Blizzard;DoubleKick;IceBeam,https://www.pokencyclopedia.info/sprites/gen5/ani_black-white/ani_bw_030.gif,nidorina
31,Nidoqueen,Poison;Ground,90,92,87,75,75,76,BodySlam;FurySwipes;Strength;Thunderbolt;WaterGun;Rest;Mimic;Tackle;Rage;Bite;Growl;MegaPunch;Toxic;PoisonSting;Surf;HornDrill;SkullBash;PayDay;BubbleBeam;DoubleTeam;HyperBeam;SeismicToss;Substitute;Submission;Earthquake;Fissure;DoubleEdge;Scratch;FireBlast;TakeDown;TailWhip;Reflect;RockSlide;Bide;Counter;Thunder;MegaKick;Blizzard;DoubleKick;IceBeam,https://www.pokencyclopedia.info/sprites/gen5/ani_black-white/ani_bw_031.gif,nidoqueen
32,Nidoran♂,Poison,46,57,40,40,40,50,BodySlam;Rest;Thunderbolt;Mimic;Tackle;FocusEnergy;Rage;FuryAttack;Toxic;Leer;PoisonSting;HornDrill;SkullBash;DoubleTeam;Substitute;DoubleEdge;TakeDown;Reflect;Bide;Thunder;Blizzard;DoubleKick;HornAttack,https://www.pokencyclopedia.info/sprites/gen5/ani_black-white/ani_bw_032.gif,nidoran♂
33,Nidorino,Poison,61,72,57,55,55,65,BodySlam;Rest;Thunderbolt;WaterGun;Mimic;Tackle;FocusEnergy;Rage;FuryAttack;Toxic;Leer;PoisonSting;HornDrill;SkullBash;BubbleBeam;DoubleTeam;Substitute;DoubleEdge;TakeDown;Reflect;Bide;Thunder;Blizzard;DoubleKick;HornAttack;IceBeam,https://www.pokencyclopedia.info/sprites/gen5/ani_black-white/ani_bw_033.gif,nidorino
34,Nidoking,Poison;Ground,81,102,77,75,75,85,BodySlam;Strength;Rest;Thunderbolt;WaterGun;Mimic;Tackle;FocusEnergy;Rage;FuryAttack;MegaPunch;Leer;Toxic;PoisonSting;Surf;HornDrill;SkullBash;PayDay;BubbleBeam;DoubleTeam;HyperBeam;SeismicToss;Substitute;Thrash;Submission;Earthquake;Fissure;DoubleEdge;FireBlast;TakeDown;Reflect;RockSlide;Bide;Counter;Thunder;MegaKick;Blizzard;DoubleKick;HornAttack;IceBeam,https://www.pokencyclopedia.info/sprites/gen5/ani_black-white/ani_bw_034.gif,nidoking
35,Clefairy,Fairy,70,45,48,60,60,35,BodySlam;Strength;Rest;Thunderbolt;WaterGun;Mimic;ThunderWave;DoubleSlap;Rage;Growl;MegaPunch;Toxic;TriAttack;SkullBash;BubbleBeam;Metronome;Sing;DoubleTeam;Pound;SeismicToss;Substitute;Psychic;Submission;DoubleEdge;FireBlast;TakeDown;Psywave;SolarBeam;LightScreen;Reflect;Minimize;Bide;Counter;DefenseCurl;Thunder;MegaKick;Flash;Blizzard;Teleport;IceBeam,https://www.pokencyclopedia.info/sprites/gen5/ani_black-white/ani_bw_035.gif,clefairy
36,Clefable,Fairy,95,70,73,85,85,60,BodySlam;Strength;Rest;Thunderbolt;WaterGun;Mimic;ThunderWave;DoubleSlap;Rage;Growl;MegaPunch;Toxic;TriAttack;SkullBash;BubbleBeam;Metronome;Sing;DoubleTeam;Pound;HyperBeam;SeismicToss;Psychic;Substitute;Submission;DoubleEdge;FireBlast;TakeDown;Psywave;SolarBeam;LightScreen;Reflect;Minimize;Bide;Counter;DefenseCurl;Thunder;MegaKick;Flash;Blizzard;Teleport;IceBeam,https://www.pokencyclopedia.info/sprites/gen5/ani_black-white/ani_bw_036.gif,clefable
37,Vulpix,Fire,38,41,40,65,65,65,BodySlam;Rest;Dig;Mimic;Rage;Swift;Toxic;SkullBash;DoubleTeam;Substitute;Ember;DoubleEdge;FireSpin;FireBlast;TakeDown;Roar;TailWhip;QuickAttack;Reflect;Bide;Flamethrower;ConfuseRay,https://www.pokencyclopedia.info/sprites/gen5/ani_black-white/ani_bw_037.gif,vulpix
38,Ninetales,Fire,73,76,75,100,100,100,BodySlam;Rest;Dig;Mimic;Rage;Swift;Toxic;SkullBash;DoubleTeam;HyperBeam;Substitute;Ember;DoubleEdge;FireSpin;FireBlast;TakeDown;Roar;TailWhip;QuickAttack;Reflect;Bide;Flamethrower;ConfuseRay,https://www.pokencyclopedia.info/sprites/gen5/ani_black-white/ani_bw_038.gif,ninetales
39,Jigglypuff,Normal;Fairy,115,45,20,25,25,20,Rest;BodySlam;Strength;Thunderbolt;WaterGun;Mimic;ThunderWave;DoubleSlap;Rage;Disable;MegaPunch;Toxic;TriAttack;SkullBash;BubbleBeam;Sing;DoubleTeam;Pound;SeismicToss;Substitute;Psychic;Submission;DoubleEdge;FireBlast;TakeDown;Psywave;SolarBeam;Reflect;Bide;Counter;DefenseCurl;Thunder;MegaKick;Flash;Blizzard;Teleport;IceBeam,https://www.pokencyclopedia.info/sprites/gen5/ani_black-white/ani_bw_039.gif,jigglypuff
40,Wigglytuff,Normal;Fairy,140,70,45,50,50,45,BodySlam;Rest;Strength;Thunderbolt;WaterGun;Mimic;ThunderWave;DoubleSlap;Rage;Disable;MegaPunch;Toxic;TriAttack;SkullBash;BubbleBeam;Sing;DoubleTeam;Pound;HyperBeam;SeismicToss;Psychic;Substitute;Submission;DoubleEdge;FireBlast;TakeDown;Psywave;SolarBeam;Reflect;Bide;Counter;DefenseCurl;Thunder;MegaKick;Flash;Blizzard;Teleport;IceBeam,https://www.pokencyclopedia.info/sprites/gen5/ani_black-white/ani_bw_040.gif,wigglytuff
41,Zubat,Poison;Flying,40,45,35,40,40,55,Rest;Mimic;Rage;Swift;Bite;Toxic;MegaDrain;WingAttack;DoubleTeam;Substitute;Supersonic;DoubleEdge;TakeDown;Bide;RazorWind;ConfuseRay;Whirlwind;Haze;LeechLife,https://www.pokencyclopedia.info/sprites/gen5/ani_black-white/ani_bw_041_f.gif,zubat
42,Golbat,Poison;Flying,75,80,70,75,75,90,Rest;Screech;Mimic;Rage;Swift;Bite;Toxic;MegaDrain;WingAttack;DoubleTeam;HyperBeam;Substitute;Supersonic;DoubleEdge;TakeDown;Bide;RazorWind;ConfuseRay;Whirlwind;Haze;LeechLife,https://www.pokencyclopedia.info/sprites/gen5/ani_black-white/ani_bw_042_f.gif,golbat
43,Oddish,Grass;Poison,45,50,55,75,75,30,Rest;Mimic;Rage;Toxic;MegaDrain;StunSpore;SwordsDance;DoubleTeam;Substitute;SleepPowder;DoubleEdge;PetalDance;TakeDown;SolarBeam;Absorb;Cut;Reflect;Acid;Bide;PoisonPowder,https://www.pokencyclopedia.info/sprites/gen5/ani_black-white/ani_bw_043.gif,oddish
44,Gloom,Grass;Poison,60,65,70,85,85,40,Rest;Mimic;Rage;Toxic;MegaDrain;StunSpore;SwordsDance;DoubleTeam;Substitute;SleepPowder;DoubleEdge;PetalDance;TakeDown;SolarBeam;Absorb;Cut;Reflect;Acid;Bide;PoisonPowder,https://www.pokencyclopedia.info/sprites/gen5/ani_black-white/ani_bw_044_f.gif,gloom
45,Vileplume,Grass;Poison,75,80,85,100,100,50,BodySlam;Rest;Mimic;Rage;Toxic;MegaDrain;StunSpore;SwordsDance;DoubleTeam;HyperBeam;Substitute;SleepPowder;DoubleEdge;PetalDance;TakeDown;SolarBeam;Absorb;Cut;Reflect;Acid;Bide;PoisonPowder,https://www.pokencyclopedia.info/sprites/gen5/ani_black-white/ani_bw_045_f.gif,vileplume
46,Paras,Bug;Grass,35,70,55,55,55,25,BodySlam;Rest;Dig;Mimic;Rage;Toxic;MegaDrain;SkullBash;StunSpore;SwordsDance;DoubleTeam;Slash;Substitute;DoubleEdge;Scratch;TakeDown;SolarBeam;Cut;Reflect;Growth;Bide;Spore;LeechLife,https://www.pokencyclopedia.info/sprites/gen5/ani_black-white/ani_bw_046.gif,paras
47,Parasect,Bug;Grass,60,95,80,80,80,30,BodySlam;Rest;Dig;Mimic;Rage;Toxic;MegaDrain;SkullBash;StunSpore;SwordsDance;DoubleTeam;Slash;HyperBeam;Substitute;DoubleEdge;Scratch;TakeDown;SolarBeam;Cut;Reflect;Growth;Bide;Spore;LeechLife,https://www.pokencyclopedia.info/sprites/gen5/ani_black-white/ani_bw_047.gif,parasect
48,Venonat,Bug;Poison,60,55,50,40,40,45,Rest;Mimic;Tackle;Rage;Disable;Toxic;MegaDrain;StunSpore;DoubleTeam;Substitute;Psychic;SleepPowder;Supersonic;DoubleEdge;TakeDown;Psywave;SolarBeam;Reflect;Confusion;Bide;PoisonPowder;Psybeam;Flash;LeechLife,https://www.pokencyclopedia.info/sprites/gen5/ani_black-white/ani_bw_048.gif,venonat
49,Venomoth,Bug;Poison,70,65,60,90,90,90,Rest;Mimic;Tackle;Rage;Disable;Swift;Toxic;MegaDrain;StunSpore;DoubleTeam;HyperBeam;Substitute;Psychic;SleepPowder;Supersonic;DoubleEdge;TakeDown;Psywave;SolarBeam;Reflect;Confusion;Bide;PoisonPowder;RazorWind;Psybeam;Flash;Whirlwind;Teleport;LeechLife,https://www.pokencyclopedia.info/sprites/gen5/ani_black-white/ani_bw_049.gif,venomoth
50,Diglett,Ground,10,55,25,45,45,95,BodySlam;Rest;Dig;Mimic;Rage;Growl;Toxic;DoubleTeam;Slash;Substitute;Fissure;Earthquake;SandAttack;DoubleEdge;Scratch;TakeDown;Cut;RockSlide;Bide,https://www.pokencyclopedia.info/sprites/gen5/ani_black-white/ani_bw_050.gif,diglett
51,Dugtrio,Ground,35,100,50,70,70,120,BodySlam;Rest;Dig;Mimic;Rage;Growl;Toxic;DoubleTeam;Slash;HyperBeam;Substitute;Fissure;Earthquake;SandAttack;DoubleEdge;Scratch;TakeDown;Cut;RockSlide;Bide,https://www.pokencyclopedia.info/sprites/gen5/ani_black-white/ani_bw_051.gif,dugtrio
52,Meowth,Normal,40,45,35,40,40,90,BodySlam;Screech;FurySwipes;Thunderbolt;WaterGun;Rest;Mimic;Rage;Swift;Bite;Growl;Toxic;SkullBash;PayDay;BubbleBeam;DoubleTeam;Slash;Substitute;DoubleEdge;Scratch;TakeDown;Bide;Thunder,https://www.pokencyclopedia.info/sprites/gen5/ani_black-white/ani_bw_052.gif,meowth
53,Persian,Normal,65,70,60,65,65,115,BodySlam;Screech;FurySwipes;Thunderbolt;WaterGun;Rest;Mimic;Rage;Swift;Growl;Bite;Toxic;SkullBash;PayDay;BubbleBeam;DoubleTeam;Slash;HyperBeam;Substitute;DoubleEdge;Scratch;TakeDown;Bide;Thunder,https://www.pokencyclopedia.info/sprites/gen5/ani_black-white/ani_bw_053.gif,persian
54,Psyduck,Water,50,52,48,50,50,55,BodySlam;FurySwipes;Strength;Rest;WaterGun;Dig;HydroPump;Mimic;Rage;Disable;Swift;MegaPunch;Toxic;Surf;SkullBash;PayDay;BubbleBeam;DoubleTeam;SeismicToss;Substitute;Submission;DoubleEdge;Scratch;TakeDown;TailWhip;Confusion;Bide;Counter;MegaKick;Blizzard;IceBeam,https://www.pokencyclopedia.info/sprites/gen5/ani_black-white/ani_bw_054.gif,psyduck
55,Golduck,Water,80,82,78,80,80,85,BodySlam;FurySwipes;Strength;Rest;WaterGun;Dig;HydroPump;Mimic;Rage;Disable;Swift;MegaPunch;Toxic;Surf;SkullBash;PayDay;BubbleBeam;DoubleTeam;HyperBeam;SeismicToss;Substitute;Submission;DoubleEdge;Scratch;TakeDown;TailWhip;Confusion;Bide;Counter;MegaKick;Blizzard;IceBeam,https://www.pokencyclopedia.info/sprites/gen5/ani_black-white/ani_bw_055.gif,golduck
56,Mankey,Fighting,40,80,35,35,35,70,BodySlam;FurySwipes;Strength;Thunderbolt;Rest;Dig;Screech;Mimic;FocusEnergy;Rage;Swift;MegaPunch;Leer;Toxic;SkullBash;PayDay;Metronome;DoubleTeam;LowKick;SeismicToss;Substitute;Thrash;Submission;DoubleEdge;Scratch;TakeDown;KarateChop;RockSlide;Bide;Counter;Thunder;MegaKick,https://www.pokencyclopedia.info/sprites/gen5/ani_black-white/ani_bw_056.gif,mankey
57,Primeape,Fighting,65,105,60,60,60,95,BodySlam;FurySwipes;Strength;Thunderbolt;Rest;Dig;Screech;Mimic;FocusEnergy;Rage;Swift;MegaPunch;Leer;Toxic;SkullBash;PayDay;Metronome;DoubleTeam;LowKick;SeismicToss;HyperBeam;Substitute;Thrash;Submission;DoubleEdge;Scratch;TakeDown;KarateChop;RockSlide;Bide;Counter;Thunder;MegaKick,https://www.pokencyclopedia.info/sprites/gen5/ani_black-white/ani_bw_057.gif,primeape
58,Growlithe,Fire,55,70,45,50,50,60,BodySlam;Rest;Dig;Mimic;Rage;Swift;Bite;Toxic;Leer;SkullBash;DoubleTeam;Substitute;Ember;DoubleEdge;FireBlast;TakeDown;Roar;DragonRage;Reflect;Bide;Flamethrower;Agility,https://www.pokencyclopedia.info/sprites/gen5/ani_black-white/ani_bw_058.gif,growlithe
59,Arcanine,Fire,90,110,80,80,80,95,BodySlam;Rest;Dig;Mimic;Rage;Swift;Bite;Toxic;Leer;SkullBash;DoubleTeam;HyperBeam;Substitute;Ember;DoubleEdge;FireBlast;TakeDown;Roar;DragonRage;Reflect;Bide;Flamethrower;Agility;Teleport,https://www.pokencyclopedia.info/sprites/gen5/ani_black-white/ani_bw_059.gif,arcanine
60,Poliwag,Water,40,50,40,40,40,90,BodySlam;Rest;WaterGun;HydroPump;Mimic;DoubleSlap;Rage;Toxic;Surf;SkullBash;Bubble;Hypnosis;BubbleBeam;DoubleTeam;Substitute;Psychic;DoubleEdge;TakeDown;Psywave;Bide;Blizzard;IceBeam;Amnesia,https://www.pokencyclopedia.info/sprites/gen5/ani_black-white/ani_bw_060.gif,poliwag
61,Poliwhirl,Water,65,65,65,50,50,90,BodySlam;Strength;Rest;WaterGun;HydroPump;Mimic;DoubleSlap;Rage;MegaPunch;Toxic;Surf;SkullBash;Bubble;Hypnosis;BubbleBeam;Metronome;DoubleTeam;SeismicToss;Substitute;Psychic;Submission;Earthquake;Fissure;DoubleEdge;TakeDown;Psywave;Bide;Counter;MegaKick;Blizzard;IceBeam;Amnesia,https://www.pokencyclopedia.info/sprites/gen5/ani_black-white/ani_bw_061.gif,poliwhirl
62,Poliwrath,Water;Fighting,90,95,95,70,70,70,BodySlam;Strength;Rest;WaterGun;HydroPump;Mimic;DoubleSlap;Rage;MegaPunch;Toxic;Surf;SkullBash;Bubble;Hypnosis;BubbleBeam;Metronome;DoubleTeam;HyperBeam;SeismicToss;Psychic;Substitute;Submission;Earthquake;Fissure;DoubleEdge;TakeDown;Psywave;Bide;Counter;MegaKick;Blizzard;IceBeam;Amnesia,https://www.pokencyclopedia.info/sprites/gen5/ani_black-white/ani_bw_062.gif,poliwrath
63,Abra,Psychic,25,20,15,105,105,90,BodySlam;Rest;Mimic;ThunderWave;Rage;MegaPunch;Toxic;TriAttack;SkullBash;Metronome;DoubleTeam;SeismicToss;Substitute;Psychic;Submission;DoubleEdge;TakeDown;Psywave;Reflect;Bide;Counter;MegaKick;Flash;Teleport,https://www.pokencyclopedia.info/sprites/gen5/ani_black-white/ani_bw_063.gif,abra
64,Kadabra,Psychic,40,35,30,120,120,105,BodySlam;Rest;Dig;Mimic;ThunderWave;Rage;Disable;MegaPunch;Toxic;TriAttack;SkullBash;Metronome;Recover;DoubleTeam;SeismicToss;Substitute;Psychic;Submission;DoubleEdge;TakeDown;Psywave;Reflect;Confusion;Bide;Counter;MegaKick;Psybeam;Flash;Kinesis;Teleport,https://www.pokencyclopedia.info/sprites/gen5/ani_black-white/ani_bw_064_f.gif,kadabra
65,Alakazam,Psychic,55,50,45,135,135,120,BodySlam;Rest;Dig;Mimic;ThunderWave;Rage;Disable;MegaPunch;Toxic;TriAttack;SkullBash;Metronome;Recover;DoubleTeam;HyperBeam;SeismicToss;Psychic;Substitute;Submission;DoubleEdge;TakeDown;Psywave;Reflect;Confusion;Bide;Counter;MegaKick;Psybeam;Flash;Kinesis;Teleport,https://www.pokencyclopedia.info/sprites/gen5/ani_black-white/ani_bw_065_f.gif,alakazam
66,Machop,Fighting,70,80,50,35,35,35,BodySlam;Strength;Rest;Dig;Mimic;FocusEnergy;Rage;MegaPunch;Leer;Toxic;SkullBash;Metronome;LowKick;DoubleTeam;SeismicToss;Substitute;Fissure;Submission;Earthquake;DoubleEdge;FireBlast;TakeDown;KarateChop;RockSlide;Bide;Counter;MegaKick,https://www.pokencyclopedia.info/sprites/gen5/ani_black-white/ani_bw_066.gif,machop
67,Machoke,Fighting,80,100,70,50,50,45,BodySlam;Strength;Rest;Dig;Mimic;FocusEnergy;Rage;MegaPunch;Leer;Toxic;SkullBash;Metronome;LowKick;DoubleTeam;SeismicToss;Substitute;Fissure;Submission;Earthquake;DoubleEdge;FireBlast;TakeDown;KarateChop;RockSlide;Bide;Counter;MegaKick,https://www.pokencyclopedia.info/sprites/gen5/ani_black-white/ani_bw_067.gif,machoke
68,Machamp,Fighting,90,130,80,65,65,55,BodySlam;Strength;Rest;Dig;Mimic;FocusEnergy;Rage;MegaPunch;Leer;Toxic;SkullBash;Metronome;LowKick;DoubleTeam;SeismicToss;HyperBeam;Substitute;Fissure;Submission;Earthquake;DoubleEdge;FireBlast;TakeDown;KarateChop;RockSlide;Bide;Counter;MegaKick,https://www.pokencyclopedia.info/sprites/gen5/ani_black-white/ani_bw_068.gif,machamp
69,Bellsprout,Grass;Poison,50,75,35,70,70,40,Rest;Mimic;Rage;RazorLeaf;Toxic;MegaDrain;StunSpore;SwordsDance;DoubleTeam;Substitute;SleepPowder;DoubleEdge;Slam;TakeDown;SolarBeam;VineWhip;Cut;Reflect;Acid;Growth;Bide;Wrap;PoisonPowder,https://www.pokencyclopedia.info/sprites/gen5/ani_black-white/ani_bw_069.gif,bellsprout
70,Weepinbell,Grass;Poison,65,90,50,85,85,55,Rest;Mimic;Rage;RazorLeaf;Toxic;MegaDrain;StunSpore;SwordsDance;DoubleTeam;Substitute;SleepPowder;DoubleEdge;Slam;TakeDown;SolarBeam;VineWhip;Cut;Reflect;Acid;Growth;Bide;Wrap;PoisonPowder,https://www.pokencyclopedia.info/sprites/gen5/ani_black-white/ani_bw_070.gif,weepinbell
71,Victreebel,Grass;Poison,80,105,65,100,100,70,BodySlam;Rest;Mimic;Rage;RazorLeaf;Toxic;MegaDrain;StunSpore;SwordsDance;DoubleTeam;HyperBeam;Substitute;SleepPowder;DoubleEdge;Slam;TakeDown;SolarBeam;VineWhip;Cut;Reflect;Acid;Growth;Bide;Wrap;PoisonPowder,https://www.pokencyclopedia.info/sprites/gen5/ani_black-white/ani_bw_071.gif,victreebel
72,Tentacool,Water;Poison,40,40,35,100,100,70,Rest;Screech;WaterGun;HydroPump;Mimic;Rage;Toxic;MegaDrain;PoisonSting;Surf;SkullBash;SwordsDance;BubbleBeam;DoubleTeam;Substitute;Supersonic;DoubleEdge;TakeDown;Constrict;Cut;Reflect;Acid;Barrier;Bide;Wrap;Blizzard;IceBeam,https://www.pokencyclopedia.info/sprites/gen5/ani_black-white/ani_bw_072.gif,tentacool
73,Tentacruel,Water;Poison,80,70,65,120,120,100,Rest;Screech;WaterGun;HydroPump;Mimic;Rage;Toxic;MegaDrain;PoisonSting;Surf;SkullBash;SwordsDance;BubbleBeam;DoubleTeam;HyperBeam;Substitute;Supersonic;DoubleEdge;TakeDown;Constrict;Cut;Reflect;Acid;Barrier;Bide;Wrap;Blizzard;IceBeam,https://www.pokencyclopedia.info/sprites/gen5/ani_black-white/ani_bw_073.gif,tentacruel
74,Geodude,Rock;Ground,40,80,100,30,30,20,BodySlam;Strength;Rest;Dig;Mimic;Tackle;Rage;MegaPunch;Toxic;Selfdestruct;RockThrow;Metronome;DoubleTeam;SeismicToss;Substitute;Fissure;Submission;Earthquake;DoubleEdge;FireBlast;Harden;TakeDown;Explosion;RockSlide;Bide;Counter;DefenseCurl,https://www.pokencyclopedia.info/sprites/gen5/ani_black-white/ani_bw_074.gif,geodude
75,Graveler,Rock;Ground,55,95,115,45,45,35,BodySlam;Strength;Rest;Dig;Mimic;Tackle;Rage;MegaPunch;Toxic;Selfdestruct;RockThrow;Metronome;DoubleTeam;SeismicToss;Substitute;Fissure;Submission;Earthquake;DoubleEdge;FireBlast;Harden;TakeDown;Explosion;RockSlide;Bide;Counter;DefenseCurl,https://www.pokencyclopedia.info/sprites/gen5/ani_black-white/ani_bw_075.gif,graveler
76,Golem,Rock;Ground,80,120,130,55,55,45,BodySlam;Strength;Rest;Dig;Mimic;Tackle;Rage;MegaPunch;Toxic;Selfdestruct;RockThrow;Metronome;DoubleTeam;HyperBeam;SeismicToss;Substitute;Submission;Earthquake;Fissure;DoubleEdge;FireBlast;Harden;TakeDown;Explosion;RockSlide;Bide;Counter;DefenseCurl;MegaKick,https://www.pokencyclopedia.info/sprites/gen5/ani_black-white/ani_bw_076.gif,golem
77,Ponyta,Fire,50,85,55,65,65,90,BodySlam;Rest;Mimic;Rage;Swift;Growl;Toxic;HornDrill;SkullBash;DoubleTeam;Substitute;Ember;Stomp;DoubleEdge;FireSpin;FireBlast;TakeDown;TailWhip;Reflect;Bide;Agility,https://www.pokencyclopedia.info/sprites/gen5/ani_black-white/ani_bw_077.gif,ponyta
78,Rapidash,Fire,65,100,70,80,80,105,BodySlam;Rest;Mimic;Rage;Swift;Growl;Toxic;HornDrill;SkullBash;DoubleTeam;HyperBeam;Substitute;Ember;Stomp;DoubleEdge;FireSpin;FireBlast;TakeDown;TailWhip;Reflect;Bide;Agility,https://www.pokencyclopedia.info/sprites/gen5/ani_black-white/ani_bw_078.gif,rapidash
79,Slowpoke,Water;Psychic,90,65,65,40,40,15,BodySlam;Strength;Rest;WaterGun;Dig;Mimic;ThunderWave;Rage;Disable;Swift;Growl;Toxic;Surf;TriAttack;SkullBash;PayDay;BubbleBeam;DoubleTeam;Substitute;Psychic;Fissure;Earthquake;DoubleEdge;FireBlast;TakeDown;Psywave;Reflect;Confusion;Bide;Flash;Blizzard;Teleport;IceBeam;Headbutt;Amnesia,https://www.pokencyclopedia.info/sprites/gen5/ani_black-white/ani_bw_079.gif,slowpoke
80,Slowbro,Water;Psychic,95,75,110,80,80,30,BodySlam;Strength;Rest;WaterGun;Dig;Mimic;ThunderWave;Rage;Disable;Swift;Growl;MegaPunch;Toxic;Surf;TriAttack;SkullBash;PayDay;BubbleBeam;DoubleTeam;HyperBeam;SeismicToss;Psychic;Substitute;Submission;Earthquake;Fissure;DoubleEdge;FireBlast;TakeDown;Psywave;Reflect;Confusion;Bide;Counter;MegaKick;Flash;Blizzard;Teleport;Withdraw;IceBeam;Headbutt;Amnesia,https://www.pokencyclopedia.info/sprites/gen5/ani_black-white/ani_bw_080.gif,slowbro
81,Magnemite,Electric;Steel,25,35,70,95,95,45,Rest;Screech;Thunderbolt;Mimic;Tackle;ThunderWave;Rage;Swift;Toxic;SonicBoom;DoubleTeam;Substitute;Supersonic;DoubleEdge;TakeDown;ThunderShock;Reflect;Bide;Thunder;Flash;Teleport,https://www.pokencyclopedia.info/sprites/gen5/ani_black-white/ani_bw_081.gif,magnemite
82,Magneton,Electric;Steel,50,60,95,120,120,70,Rest;Screech;Thunderbolt;Mimic;Tackle;ThunderWave;Rage;Swift;Toxic;SonicBoom;DoubleTeam;HyperBeam;Substitute;Supersonic;DoubleEdge;TakeDown;ThunderShock;Reflect;Bide;Thunder;Flash;Teleport,https://www.pokencyclopedia.info/sprites/gen5/ani_black-white/ani_bw_082.gif,magneton
83,Farfetch'd,Normal;Flying,52,90,55,58,58,60,BodySlam;Rest;Mimic;Rage;FuryAttack;Swift;Toxic;Leer;SkullBash;SwordsDance;DoubleTeam;Slash;Substitute;Peck;SandAttack;DoubleEdge;TakeDown;Fly;Cut;Reflect;Bide;RazorWind;Agility;Whirlwind,https://www.pokencyclopedia.info/sprites/gen5/ani_black-white/ani_bw_083.gif,farfetch'd
84,Doduo,Normal;Flying,35,85,45,35,35,75,BodySlam;Rest;Mimic;Rage;FuryAttack;DrillPeck;Growl;Toxic;TriAttack;SkullBash;DoubleTeam;Substitute;Peck;DoubleEdge;TakeDown;SkyAttack;Fly;Reflect;Bide;Agility;Whirlwind,https://www.pokencyclopedia.info/sprites/gen5/ani_black-white/ani_bw_084_f.gif,doduo
85,Dodrio,Normal;Flying,60,110,70,60,60,110,BodySlam;Rest;Mimic;Rage;FuryAttack;DrillPeck;Growl;Toxic;TriAttack;SkullBash;DoubleTeam;HyperBeam;Substitute;Peck;DoubleEdge;TakeDown;SkyAttack;Fly;Reflect;Bide;Agility;Whirlwind,https://www.pokencyclopedia.info/sprites/gen5/ani_black-white/ani_bw_085_f.gif,dodrio
86,Seel,Water,65,45,55,70,70,45,Rest;Strength;BodySlam;WaterGun;Mimic;Rage;Growl;Toxic;Surf;HornDrill;SkullBash;PayDay;BubbleBeam;DoubleTeam;Substitute;DoubleEdge;TakeDown;AuroraBeam;Bide;Blizzard;IceBeam;Headbutt,https://www.pokencyclopedia.info/sprites/gen5/ani_black-white/ani_bw_086.gif,seel
87,Dewgong,Water;Ice,90,70,80,95,95,70,Rest;Strength;BodySlam;WaterGun;Mimic;Rage;Growl;Toxic;Surf;HornDrill;SkullBash;PayDay;BubbleBeam;DoubleTeam;HyperBeam;Substitute;DoubleEdge;TakeDown;AuroraBeam;Bide;Blizzard;IceBeam;Headbutt,https://www.pokencyclopedia.info/sprites/gen5/ani_black-white/ani_bw_087.gif,dewgong
88,Grimer,Poison,80,80,50,40,40,25,BodySlam;Screech;Rest;Thunderbolt;Mimic;Rage;Disable;Toxic;MegaDrain;Selfdestruct;DoubleTeam;Pound;Substitute;FireBlast;Harden;Explosion;AcidArmor;Minimize;Bide;Thunder;PoisonGas;Sludge,https://www.pokencyclopedia.info/sprites/gen5/ani_black-white/ani_bw_088.gif,grimer
89,Muk,Poison,105,105,75,65,65,50,BodySlam;Screech;Rest;Thunderbolt;Mimic;Rage;Disable;Toxic;MegaDrain;Selfdestruct;DoubleTeam;Pound;HyperBeam;Substitute;FireBlast;Harden;Explosion;AcidArmor;Minimize;Bide;Thunder;PoisonGas;Sludge,https://www.pokencyclopedia.info/sprites/gen5/ani_black-white/ani_bw_089.gif,muk
90,Shellder,Water,30,65,100,45,45,40,Rest;WaterGun;Mimic;Tackle;Rage;Swift;Toxic;Leer;Surf;TriAttack;Selfdestruct;BubbleBeam;DoubleTeam;Substitute;Supersonic;DoubleEdge;TakeDown;Clamp;Explosion;AuroraBeam;Reflect;Bide;Blizzard;Teleport;Withdraw;IceBeam,https://www.pokencyclopedia.info/sprites/gen5/ani_black-white/ani_bw_090.gif,shellder
91,Cloyster,Water;Ice,50,95,180,85,85,70,Rest;WaterGun;Mimic;Tackle;Rage;Swift;Toxic;Leer;Surf;TriAttack;Selfdestruct;BubbleBeam;DoubleTeam;HyperBeam;Substitute;Supersonic;DoubleEdge;TakeDown;SpikeCannon;Clamp;Explosion;AuroraBeam;Reflect;Bide;Blizzard;Teleport;Withdraw;IceBeam,https://www.pokencyclopedia.info/sprites/gen5/ani_black-white/ani_bw_091.gif,cloyster
92,Gastly,Ghost;Poison,30,35,30,100,100,80,NightShade;Rest;Thunderbolt;Mimic;Rage;Toxic;Lick;MegaDrain;Selfdestruct;DreamEater;Hypnosis;DoubleTeam;Substitute;Psychic;Explosion;Psywave;Bide;Thunder;ConfuseRay,https://www.pokencyclopedia.info/sprites/gen5/ani_black-white/ani_bw_092.gif,gastly
93,Haunter,Ghost;Poison,45,50,45,115,115,95,NightShade;Rest;Thunderbolt;Mimic;Rage;Toxic;Lick;MegaDrain;Selfdestruct;DreamEater;Hypnosis;DoubleTeam;Substitute;Psychic;Explosion;Psywave;Bide;Thunder;ConfuseRay,https://www.pokencyclopedia.info/sprites/gen5/ani_black-white/ani_bw_093.gif,haunter
94,Gengar,Ghost;Poison,60,65,60,130,130,110,NightShade;BodySlam;Strength;Rest;Thunderbolt;Mimic;Rage;MegaPunch;Lick;Toxic;MegaDrain;Selfdestruct;DreamEater;SkullBash;Hypnosis;Metronome;DoubleTeam;HyperBeam;SeismicToss;Psychic;Substitute;Submission;DoubleEdge;TakeDown;Explosion;Psywave;Bide;Counter;Thunder;MegaKick;ConfuseRay,https://www.pokencyclopedia.info/sprites/gen5/ani_black-white/ani_bw_094.gif,gengar
95,Onix,Rock;Ground,35,45,160,30,30,70,BodySlam;Screech;Strength;Rest;Dig;Mimic;Tackle;Rage;Toxic;Selfdestruct;SkullBash;RockThrow;DoubleTeam;Substitute;Fissure;Earthquake;DoubleEdge;Harden;Slam;TakeDown;Explosion;RockSlide;Bide;Bind,https://www.pokencyclopedia.info/sprites/gen5/ani_black-white/ani_bw_095.gif,onix
96,Drowzee,Psychic,60,48,45,90,90,42,BodySlam;Rest;Mimic;ThunderWave;Rage;Disable;MegaPunch;Toxic;TriAttack;SkullBash;DreamEater;Hypnosis;Metronome;Meditate;DoubleTeam;Pound;SeismicToss;Substitute;Psychic;Submission;DoubleEdge;TakeDown;Psywave;Reflect;Confusion;Bide;Counter;MegaKick;PoisonGas;Flash;Teleport;Headbutt,https://www.pokencyclopedia.info/sprites/gen5/ani_black-white/ani_bw_096.gif,drowzee
97,Hypno,Psychic,85,73,70,115,115,67,BodySlam;Rest;Mimic;ThunderWave;Rage;Disable;MegaPunch;Toxic;TriAttack;SkullBash;DreamEater;Hypnosis;Metronome;Meditate;DoubleTeam;Pound;HyperBeam;SeismicToss;Psychic;Substitute;Submission;DoubleEdge;TakeDown;Psywave;Reflect;Confusion;Bide;Counter;MegaKick;PoisonGas;Flash;Teleport;Headbutt,https://www.pokencyclopedia.info/sprites/gen5/ani_black-white/ani_bw_097_f.gif,hypno
98,Krabby,Water,30,105,90,25,25,50,BodySlam;Strength;Rest;WaterGun;Mimic;Rage;Guillotine;Toxic;Leer;Surf;Crabhammer;Bubble;SwordsDance;BubbleBeam;DoubleTeam;Substitute;Stomp;DoubleEdge;Harden;TakeDown;Cut;Bide;Blizzard;ViceGrip;IceBeam,https://www.pokencyclopedia.info/sprites/gen5/ani_black-white/ani_bw_098.gif,krabby
99,Kingler,Water,55,130,115,50,50,75,BodySlam;Strength;Rest;WaterGun;Mimic;Rage;Guillotine;Toxic;Leer;Surf;Crabhammer;Bubble;SwordsDance;BubbleBeam;DoubleTeam;HyperBeam;Substitute;Stomp;DoubleEdge;Harden;TakeDown;Cut;Bide;Blizzard;ViceGrip;IceBeam,https://www.pokencyclopedia.info/sprites/gen5/ani_black-white/ani_bw_099.gif,kingler
100,Voltorb,Electric,40,30,50,55,55,100,Rest;Screech;Thunderbolt;Mimic;Tackle;ThunderWave;Rage;Swift;Toxic;Selfdestruct;SonicBoom;DoubleTeam;Substitute;TakeDown;Explosion;LightScreen;Reflect;Bide;Thunder;Flash;Teleport,https://www.pokencyclopedia.info/sprites/gen5/ani_black-white/ani_bw_100.gif,voltorb
101,Electrode,Electric,60,50,70,80,80,150,Rest;Screech;Thunderbolt;Mimic;Tackle;ThunderWave;Rage;Swift;Toxic;Selfdestruct;SkullBash;SonicBoom;DoubleTeam;HyperBeam;Substitute;TakeDown;Explosion;LightScreen;Reflect;Bide;Thunder;Flash;Teleport,https://www.pokencyclopedia.info/sprites/gen5/ani_black-white/ani_bw_101.gif,electrode
102,Exeggcute,Grass;Psychic,60,40,80,60,60,40,Rest;Mimic;Rage;Toxic;Selfdestruct;StunSpore;Hypnosis;DoubleTeam;Substitute;Psychic;SleepPowder;Barrage;DoubleEdge;TakeDown;Explosion;Psywave;SolarBeam;LeechSeed;Reflect;Bide;PoisonPowder;EggBomb;Teleport,https://www.pokencyclopedia.info/sprites/gen5/ani_black-white/ani_bw_102.gif,exeggcute
103,Exeggutor,Grass;Psychic,95,95,85,125,125,55,Rest;Strength;Mimic;Rage;Toxic;MegaDrain;Selfdestruct;StunSpore;Hypnosis;DoubleTeam;HyperBeam;Substitute;Psychic;Stomp;SleepPowder;Barrage;DoubleEdge;TakeDown;Explosion;Psywave;SolarBeam;LeechSeed;Reflect;Bide;PoisonPowder;EggBomb;Teleport,https://www.pokencyclopedia.info/sprites/gen5/ani_black-white/ani_bw_103.gif,exeggutor
104,Cubone,Ground,50,50,95,40,40,35,BodySlam;Strength;Rest;WaterGun;Dig;Mimic;FocusEnergy;Rage;Growl;BoneClub;MegaPunch;Leer;Bonemerang;Toxic;SkullBash;BubbleBeam;DoubleTeam;SeismicToss;Substitute;Thrash;Submission;Earthquake;Fissure;DoubleEdge;FireBlast;TakeDown;TailWhip;Bide;Counter;MegaKick;Blizzard;IceBeam;Headbutt,https://www.pokencyclopedia.info/sprites/gen5/ani_black-white/ani_bw_104.gif,cubone
105,Marowak,Ground,60,80,110,50,50,45,BodySlam;Strength;Rest;WaterGun;Dig;Mimic;FocusEnergy;Rage;Growl;BoneClub;MegaPunch;Leer;Bonemerang;Toxic;SkullBash;BubbleBeam;DoubleTeam;HyperBeam;SeismicToss;Substitute;Thrash;Submission;Earthquake;Fissure;DoubleEdge;FireBlast;TakeDown;TailWhip;Bide;Counter;MegaKick;Blizzard;IceBeam;Headbutt,https://www.pokencyclopedia.info/sprites/gen5/ani_black-white/ani_bw_105.gif,marowak
106,Hitmonlee,Fighting,50,120,53,35,35,87,BodySlam;Strength;Rest;Mimic;FocusEnergy;Rage;Swift;MegaPunch;JumpKick;Toxic;SkullBash;Metronome;Meditate;DoubleTeam;SeismicToss;Substitute;Submission;HiJumpKick;DoubleEdge;TakeDown;RollingKick;Bide;Counter;MegaKick;DoubleKick,https://www.pokencyclopedia.info/sprites/gen5/ani_black-white/ani_bw_106.gif,hitmonlee
107,Hitmonchan,Fighting,50,105,79,35,35,76,BodySlam;Strength;Rest;FirePunch;Mimic;Rage;ThunderPunch;Swift;MegaPunch;Toxic;SkullBash;Metronome;DoubleTeam;SeismicToss;Substitute;Submission;DoubleEdge;TakeDown;CometPunch;Bide;Counter;MegaKick;Agility;IcePunch,https://www.pokencyclopedia.info/sprites/gen5/ani_black-white/ani_bw_107.gif,hitmonchan
108,Lickitung,Normal,90,55,75,60,60,30,BodySlam;Screech;Strength;Thunderbolt;WaterGun;Rest;Mimic;Rage;Disable;MegaPunch;Toxic;Surf;SkullBash;SwordsDance;BubbleBeam;DoubleTeam;HyperBeam;SeismicToss;Substitute;Stomp;Submission;Earthquake;Fissure;Supersonic;DoubleEdge;FireBlast;Slam;TakeDown;Cut;Bide;Wrap;Counter;DefenseCurl;Thunder;MegaKick;Blizzard;IceBeam,https://www.pokencyclopedia.info/sprites/gen5/ani_black-white/ani_bw_108.gif,lickitung
109,Koffing,Poison,40,65,95,60,60,35,FireBlast;Rest;Thunderbolt;Bide;Explosion;Tackle;Thunder;Mimic;Rage;DoubleTeam;SmokeScreen;Sludge;Smog;Toxic;Substitute;Haze;Selfdestruct,https://www.pokencyclopedia.info/sprites/gen5/ani_black-white/ani_bw_109.gif,koffing
110,Weezing,Poison,65,90,120,85,85,60,FireBlast;Rest;Thunderbolt;Bide;Explosion;Tackle;Thunder;Mimic;Rage;DoubleTeam;SmokeScreen;HyperBeam;Sludge;Smog;Toxic;Substitute;Haze;Selfdestruct,https://www.pokencyclopedia.info/sprites/gen5/ani_black-white/ani_bw_110.gif,weezing
111,Rhyhorn,Ground;Rock,80,85,95,30,30,25,BodySlam;Strength;Rest;Thunderbolt;Dig;Mimic;Rage;FuryAttack;Toxic;Leer;HornDrill;SkullBash;DoubleTeam;Substitute;Stomp;Fissure;Earthquake;DoubleEdge;FireBlast;TakeDown;TailWhip;RockSlide;Bide;Thunder;HornAttack,https://www.pokencyclopedia.info/sprites/gen5/ani_black-white/ani_bw_111_f.gif,rhyhorn
112,Rhydon,Ground;Rock,105,130,120,45,45,40,BodySlam;Strength;Rest;Thunderbolt;WaterGun;Dig;Mimic;Rage;FuryAttack;MegaPunch;Leer;Toxic;Surf;HornDrill;SkullBash;PayDay;BubbleBeam;DoubleTeam;HyperBeam;SeismicToss;Substitute;Stomp;Submission;Earthquake;Fissure;DoubleEdge;FireBlast;TakeDown;TailWhip;RockSlide;Bide;Counter;Thunder;MegaKick;Blizzard;HornAttack;IceBeam,https://www.pokencyclopedia.info/sprites/gen5/ani_black-white/ani_bw_112_f.gif,rhydon
113,Chansey,Normal,250,5,5,105,105,50,BodySlam;Strength;Rest;Thunderbolt;WaterGun;Mimic;ThunderWave;DoubleSlap;Rage;Growl;MegaPunch;Toxic;TriAttack;SkullBash;BubbleBeam;Metronome;Sing;DoubleTeam;Pound;HyperBeam;SeismicToss;Psychic;Substitute;Submission;DoubleEdge;FireBlast;TakeDown;TailWhip;Psywave;SolarBeam;LightScreen;Reflect;Minimize;Softboiled;Bide;Counter;DefenseCurl;Thunder;MegaKick;Flash;Blizzard;EggBomb;Teleport;IceBeam,https://www.pokencyclopedia.info/sprites/gen5/ani_black-white/ani_bw_113.gif,chansey
114,Tangela,Grass,65,55,115,100,100,60,BodySlam;Rest;Mimic;Rage;Toxic;MegaDrain;SkullBash;StunSpore;SwordsDance;DoubleTeam;HyperBeam;Substitute;SleepPowder;DoubleEdge;Slam;TakeDown;SolarBeam;Absorb;VineWhip;Constrict;Cut;Growth;Bide;PoisonPowder;Bind,https://www.pokencyclopedia.info/sprites/gen5/ani_black-white/ani_bw_114.gif,tangela
115,Kangaskhan,Normal,105,95,80,1,1,90,BodySlam;Strength;Rest;Thunderbolt;WaterGun;Mimic;Rage;Bite;MegaPunch;Leer;Toxic;Surf;SkullBash;BubbleBeam;DoubleTeam;HyperBeam;SeismicToss;Substitute;Submission;Earthquake;Fissure;DoubleEdge;FireBlast;TakeDown;TailWhip;CometPunch;RockSlide;Bide;Counter;Thunder;MegaKick;DizzyPunch;Blizzard;IceBeam,https://www.pokencyclopedia.info/sprites/gen5/ani_black-white/ani_bw_115.gif,kangaskhan
116,Horsea,Water,30,40,70,70,70,60,Rest;WaterGun;HydroPump;Mimic;Rage;Swift;Toxic;Leer;Surf;SkullBash;Bubble;BubbleBeam;DoubleTeam;Substitute;DoubleEdge;TakeDown;SmokeScreen;Bide;Blizzard;Agility;IceBeam,https://www.pokencyclopedia.info/sprites/gen5/ani_black-white/ani_bw_116.gif,horsea
117,Seadra,Water,55,65,95,95,95,85,Rest;WaterGun;HydroPump;Mimic;Rage;Swift;Toxic;Leer;Surf;SkullBash;Bubble;BubbleBeam;DoubleTeam;HyperBeam;Substitute;DoubleEdge;TakeDown;SmokeScreen;Bide;Blizzard;Agility;IceBeam,https://www.pokencyclopedia.info/sprites/gen5/ani_black-white/ani_bw_117.gif,seadra
118,Goldeen,Water,45,67,60,50,50,63,Rest;WaterGun;Mimic;Rage;FuryAttack;Swift;Toxic;Surf;Waterfall;HornDrill;SkullBash;BubbleBeam;DoubleTeam;Substitute;Supersonic;Peck;DoubleEdge;TakeDown;TailWhip;Bide;Blizzard;Agility;HornAttack;IceBeam,https://www.pokencyclopedia.info/sprites/gen5/ani_black-white/ani_bw_118_f.gif,goldeen
119,Seaking,Water,80,92,65,80,80,68,Rest;WaterGun;Mimic;Rage;FuryAttack;Swift;Toxic;Surf;Waterfall;HornDrill;SkullBash;BubbleBeam;DoubleTeam;HyperBeam;Substitute;Supersonic;Peck;DoubleEdge;TakeDown;TailWhip;Bide;Blizzard;Agility;HornAttack;IceBeam,https://www.pokencyclopedia.info/sprites/gen5/ani_black-white/ani_bw_119_f.gif,seaking
120,Staryu,Water,30,45,1,70,70,85,Rest;Thunderbolt;WaterGun;HydroPump;Tackle;Mimic;ThunderWave;Rage;Swift;Toxic;Surf;TriAttack;SkullBash;BubbleBeam;Recover;DoubleTeam;Substitute;Psychic;DoubleEdge;Harden;TakeDown;Psywave;LightScreen;Reflect;Minimize;Bide;Thunder;Flash;Blizzard;Teleport;IceBeam,https://www.pokencyclopedia.info/sprites/gen5/ani_black-white/ani_bw_120.gif,staryu
121,Starmie,Water;Psychic,60,75,1,100,100,115,Rest;Thunderbolt;WaterGun;HydroPump;Tackle;Mimic;ThunderWave;Rage;Swift;Toxic;Surf;TriAttack;SkullBash;BubbleBeam;Recover;DoubleTeam;HyperBeam;Substitute;Psychic;DoubleEdge;Harden;TakeDown;Psywave;LightScreen;Reflect;Minimize;Bide;Thunder;Flash;Blizzard;Teleport;IceBeam,https://www.pokencyclopedia.info/sprites/gen5/ani_black-white/ani_bw_121.gif,starmie
122,Mr. Mime,Psychic;Fairy,40,45,65,100,100,90,BodySlam;Rest;Thunderbolt;Mimic;ThunderWave;DoubleSlap;Rage;MegaPunch;Toxic;SkullBash;Metronome;Meditate;DoubleTeam;HyperBeam;Substitute;SeismicToss;Psychic;Submission;DoubleEdge;TakeDown;Psywave;SolarBeam;LightScreen;Reflect;Confusion;Barrier;Bide;Counter;Thunder;MegaKick;Flash;Teleport,https://www.pokencyclopedia.info/sprites/gen5/ani_black-white/ani_bw_122.gif,mr. mime
123,Scyther,Bug;Flying,70,110,80,55,55,105,Rest;Mimic;FocusEnergy;Rage;Swift;Toxic;Leer;WingAttack;SkullBash;SwordsDance;DoubleTeam;Slash;HyperBeam;Substitute;DoubleEdge;TakeDown;Cut;QuickAttack;Bide;Agility,https://www.pokencyclopedia.info/sprites/gen5/ani_black-white/ani_bw_123_f.gif,scyther
124,Jynx,Ice;Psychic,65,50,35,95,95,95,BodySlam;Rest;WaterGun;Mimic;DoubleSlap;Rage;MegaPunch;Lick;Toxic;LovelyKiss;SkullBash;BubbleBeam;Metronome;DoubleTeam;Pound;HyperBeam;SeismicToss;Psychic;Substitute;Thrash;Submission;DoubleEdge;TakeDown;Psywave;Reflect;Bide;Counter;MegaKick;Blizzard;IcePunch;Teleport;IceBeam,https://www.pokencyclopedia.info/sprites/gen5/ani_black-white/ani_bw_124.gif,jynx
125,Electabuzz,Electric,65,83,57,85,85,105,BodySlam;Screech;Strength;Thunderbolt;Rest;Mimic;ThunderWave;Rage;ThunderPunch;Swift;MegaPunch;Leer;Toxic;SkullBash;Metronome;DoubleTeam;HyperBeam;SeismicToss;Psychic;Substitute;Submission;DoubleEdge;TakeDown;Psywave;ThunderShock;LightScreen;QuickAttack;Reflect;Bide;Counter;Thunder;MegaKick;Flash;Teleport,https://www.pokencyclopedia.info/sprites/gen5/ani_black-white/ani_bw_125.gif,electabuzz
126,Magmar,Fire,65,95,57,85,85,93,BodySlam;Strength;Rest;FirePunch;Mimic;Rage;MegaPunch;Leer;Toxic;SkullBash;Metronome;DoubleTeam;HyperBeam;SeismicToss;Psychic;Substitute;Ember;Submission;DoubleEdge;FireBlast;TakeDown;Psywave;SmokeScreen;Smog;Bide;Counter;Flamethrower;MegaKick;ConfuseRay;Teleport,https://www.pokencyclopedia.info/sprites/gen5/ani_black-white/ani_bw_126.gif,magmar
127,Pinsir,Bug,65,125,100,1,1,85,BodySlam;Strength;Rest;Mimic;FocusEnergy;Rage;Guillotine;Toxic;SwordsDance;DoubleTeam;SeismicToss;Slash;HyperBeam;Substitute;Submission;DoubleEdge;Harden;TakeDown;Cut;Bide;ViceGrip;Bind,https://www.pokencyclopedia.info/sprites/gen5/ani_black-white/ani_bw_127.gif,pinsir
128,Tauros,Normal,75,100,95,1,1,110,BodySlam;Strength;Rest;Thunderbolt;Mimic;Tackle;Rage;Toxic;Leer;HornDrill;SkullBash;DoubleTeam;HyperBeam;Substitute;Stomp;Fissure;Earthquake;DoubleEdge;FireBlast;TakeDown;TailWhip;Bide;Thunder;Blizzard;IceBeam,https://www.pokencyclopedia.info/sprites/gen5/ani_black-white/ani_bw_128.gif,tauros
129,Magikarp,Water,20,10,55,20,20,80,Tackle;Splash,https://www.pokencyclopedia.info/sprites/gen5/ani_black-white/ani_bw_129_f.gif,magikarp
130,Gyarados,Water;Flying,95,125,79,100,100,81,BodySlam;Strength;Rest;Thunderbolt;WaterGun;HydroPump;Tackle;Mimic;Rage;Bite;Toxic;Leer;Surf;SkullBash;BubbleBeam;DoubleTeam;HyperBeam;Substitute;DoubleEdge;FireBlast;TakeDown;DragonRage;Reflect;Splash;Bide;Thunder;Blizzard;IceBeam,https://www.pokencyclopedia.info/sprites/gen5/ani_black-white/ani_bw_130_f.gif,gyarados
131,Lapras,Water;Ice,130,85,80,1,1,60,BodySlam;Strength;Rest;Thunderbolt;WaterGun;HydroPump;Mimic;Rage;Growl;Toxic;Surf;HornDrill;SkullBash;BubbleBeam;Sing;DoubleTeam;HyperBeam;Substitute;Psychic;DoubleEdge;TakeDown;DragonRage;Psywave;SolarBeam;Reflect;Bide;Thunder;Mist;ConfuseRay;Blizzard;IceBeam,https://www.pokencyclopedia.info/sprites/gen5/ani_black-white/ani_bw_131.gif,lapras
132,Ditto,Normal,48,48,48,1,1,48,Transform,https://www.pokencyclopedia.info/sprites/gen5/ani_black-white/ani_bw_132.gif,ditto
133,Eevee,Normal,55,55,50,65,65,55,BodySlam;Rest;Mimic;Tackle;FocusEnergy;Rage;Swift;Bite;Growl;Toxic;SkullBash;DoubleTeam;Substitute;SandAttack;DoubleEdge;TakeDown;TailWhip;QuickAttack;Reflect;Bide,https://www.pokencyclopedia.info/sprites/gen5/ani_black-white/ani_bw_133.gif,eevee
134,Vaporeon,Water,130,65,60,110,110,65,BodySlam;Rest;WaterGun;HydroPump;Tackle;Mimic;Rage;Swift;Bite;Toxic;Surf;SkullBash;BubbleBeam;DoubleTeam;HyperBeam;Substitute;SandAttack;DoubleEdge;TakeDown;TailWhip;AcidArmor;QuickAttack;Reflect;Bide;Mist;Blizzard;Haze;IceBeam,https://www.pokencyclopedia.info/sprites/gen5/ani_black-white/ani_bw_134.gif,vaporeon
135,Jolteon,Electric,65,65,60,110,110,130,BodySlam;Rest;Thunderbolt;Mimic;Tackle;ThunderWave;Rage;Swift;Bite;Toxic;SkullBash;DoubleTeam;HyperBeam;Substitute;SandAttack;DoubleEdge;PinMissile;TakeDown;TailWhip;ThunderShock;QuickAttack;Reflect;Bide;Thunder;Flash;Agility;DoubleKick,https://www.pokencyclopedia.info/sprites/gen5/ani_black-white/ani_bw_135.gif,jolteon
136,Flareon,Fire,65,130,60,110,110,65,BodySlam;Rest;Mimic;Tackle;Rage;Swift;Bite;Toxic;Leer;SkullBash;DoubleTeam;HyperBeam;Substitute;Ember;SandAttack;DoubleEdge;FireSpin;FireBlast;TakeDown;TailWhip;Smog;QuickAttack;Reflect;Bide;Flamethrower,https://www.pokencyclopedia.info/sprites/gen5/ani_black-white/ani_bw_136.gif,flareon
137,Porygon,Normal,65,60,70,75,75,40,Rest;Thunderbolt;Mimic;Tackle;ThunderWave;Rage;Swift;Toxic;TriAttack;SkullBash;Recover;Conversion;DoubleTeam;HyperBeam;Substitute;Psychic;DoubleEdge;TakeDown;Psywave;Sharpen;Reflect;Bide;Thunder;Psybeam;Flash;Blizzard;Agility;Teleport;IceBeam,https://www.pokencyclopedia.info/sprites/gen5/ani_black-white/ani_bw_137.gif,porygon
138,Omanyte,Rock;Water,35,40,100,90,90,35,BodySlam;Rest;WaterGun;HydroPump;Mimic;Rage;Withdraw;Toxic;Leer;Surf;BubbleBeam;DoubleTeam;Substitute;DoubleEdge;TakeDown;SpikeCannon;Reflect;Bide;Blizzard;HornAttack;IceBeam,https://www.pokencyclopedia.info/sprites/gen5/ani_black-white/ani_bw_138.gif,omanyte
139,Omastar,Rock;Water,70,60,125,115,115,55,BodySlam;Rest;WaterGun;HydroPump;Mimic;Rage;Toxic;Leer;Surf;HornDrill;SkullBash;BubbleBeam;DoubleTeam;HyperBeam;SeismicToss;Substitute;Submission;DoubleEdge;TakeDown;SpikeCannon;Reflect;Bide;HornAttack;Blizzard;Withdraw;IceBeam,https://www.pokencyclopedia.info/sprites/gen5/ani_black-white/ani_bw_139.gif,omastar
140,Kabuto,Rock;Water,30,80,90,45,45,55,BodySlam;Rest;WaterGun;HydroPump;Mimic;Rage;Toxic;Leer;Surf;BubbleBeam;DoubleTeam;Slash;Substitute;DoubleEdge;Scratch;Harden;TakeDown;Absorb;Reflect;Bide;Blizzard;IceBeam,https://www.pokencyclopedia.info/sprites/gen5/ani_black-white/ani_bw_140.gif,kabuto
141,Kabutops,Rock;Water,60,115,105,70,70,80,BodySlam;Rest;WaterGun;HydroPump;Mimic;Rage;Toxic;Leer;Surf;SkullBash;SwordsDance;BubbleBeam;DoubleTeam;Slash;HyperBeam;SeismicToss;Substitute;Submission;DoubleEdge;Scratch;Harden;TakeDown;Absorb;Reflect;Bide;RazorWind;MegaKick;Blizzard;IceBeam,https://www.pokencyclopedia.info/sprites/gen5/ani_black-white/ani_bw_141.gif,kabutops
142,Aerodactyl,Rock;Flying,80,105,65,1,1,130,Rest;Mimic;Rage;Swift;Bite;Toxic;WingAttack;DoubleTeam;HyperBeam;Substitute;Supersonic;DoubleEdge;FireBlast;TakeDown;SkyAttack;DragonRage;Fly;Reflect;Bide;RazorWind;Agility;Whirlwind,https://www.pokencyclopedia.info/sprites/gen5/ani_black-white/ani_bw_142.gif,aerodactyl
143,Snorlax,Normal,160,110,65,65,65,30,Rest;BodySlam;Strength;Thunderbolt;WaterGun;Mimic;Rage;MegaPunch;Toxic;Surf;Selfdestruct;SkullBash;PayDay;BubbleBeam;Metronome;DoubleTeam;HyperBeam;SeismicToss;Psychic;Substitute;Submission;Earthquake;Fissure;DoubleEdge;FireBlast;Harden;TakeDown;Psywave;SolarBeam;Reflect;RockSlide;Bide;Counter;Thunder;MegaKick;Blizzard;IceBeam;Headbutt;Amnesia,https://www.pokencyclopedia.info/sprites/gen5/ani_black-white/ani_bw_143.gif,snorlax
144,Articuno,Ice;Flying,90,85,100,1,1,85,Rest;WaterGun;Mimic;Rage;Swift;Toxic;BubbleBeam;DoubleTeam;HyperBeam;Substitute;Peck;DoubleEdge;TakeDown;SkyAttack;Fly;Reflect;Bide;RazorWind;Mist;Blizzard;Agility;Whirlwind;IceBeam,https://www.pokencyclopedia.info/sprites/gen5/ani_black-white/ani_bw_144.gif,articuno
145,Zapdos,Electric;Flying,90,90,85,1,1,100,Rest;Thunderbolt;Mimic;ThunderWave;Rage;Swift;DrillPeck;Toxic;DoubleTeam;HyperBeam;Substitute;DoubleEdge;TakeDown;SkyAttack;Fly;LightScreen;ThunderShock;Reflect;Bide;RazorWind;Thunder;Flash;Agility;Whirlwind,https://www.pokencyclopedia.info/sprites/gen5/ani_black-white/ani_bw_145.gif,zapdos
146,Moltres,Fire;Flying,90,100,90,1,1,90,Rest;Mimic;Rage;Swift;Toxic;Leer;DoubleTeam;HyperBeam;Substitute;Peck;DoubleEdge;FireSpin;FireBlast;TakeDown;SkyAttack;Fly;Reflect;Bide;RazorWind;Agility;Whirlwind,https://www.pokencyclopedia.info/sprites/gen5/ani_black-white/ani_bw_146.gif,moltres
147,Dratini,Dragon,41,64,45,50,50,50,BodySlam;Rest;Thunderbolt;WaterGun;Mimic;ThunderWave;Rage;Swift;Toxic;Leer;Surf;SkullBash;BubbleBeam;DoubleTeam;HyperBeam;Substitute;DoubleEdge;FireBlast;Slam;TakeDown;DragonRage;Reflect;Bide;Wrap;Thunder;Blizzard;Agility;IceBeam,https://www.pokencyclopedia.info/sprites/gen5/ani_black-white/ani_bw_147.gif,dratini
148,Dragonair,Dragon,61,84,65,70,70,70,BodySlam;Rest;Thunderbolt;WaterGun;Mimic;ThunderWave;Rage;Swift;Toxic;Leer;Surf;HornDrill;SkullBash;BubbleBeam;DoubleTeam;HyperBeam;Substitute;DoubleEdge;FireBlast;Slam;TakeDown;DragonRage;Reflect;Bide;Wrap;Thunder;Blizzard;Agility;IceBeam,https://www.pokencyclopedia.info/sprites/gen5/ani_black-white/ani_bw_148.gif,dragonair
149,Dragonite,Dragon;Flying,91,134,95,100,100,80,BodySlam;Strength;Rest;Thunderbolt;WaterGun;Mimic;ThunderWave;Rage;Swift;Toxic;Leer;Surf;HornDrill;SkullBash;BubbleBeam;DoubleTeam;HyperBeam;Substitute;DoubleEdge;FireBlast;Slam;TakeDown;DragonRage;Reflect;Bide;Wrap;RazorWind;Thunder;Blizzard;Agility;IceBeam,https://www.pokencyclopedia.info/sprites/gen5/ani_black-white/ani_bw_149.gif,dragonite
150,Mewtwo,Psychic,106,110,90,1,1,130,BodySlam;Strength;Rest;Thunderbolt;WaterGun;Mimic;ThunderWave;Rage;Disable;Swift;MegaPunch;Toxic;TriAttack;Selfdestruct;SkullBash;PayDay;BubbleBeam;Metronome;Recover;DoubleTeam;HyperBeam;SeismicToss;Psychic;Substitute;Submission;DoubleEdge;FireBlast;TakeDown;Psywave;SolarBeam;Reflect;Confusion;Barrier;Bide;Counter;Thunder;MegaKick;Mist;Flash;Blizzard;Teleport;IceBeam;Amnesia,https://www.pokencyclopedia.info/sprites/gen5/ani_black-white/ani_bw_150.gif,mewtwo
151,Mew,Psychic,100,100,100,1,1,100,BodySlam;Strength;Rest;Thunderbolt;WaterGun;Dig;Mimic;ThunderWave;Rage;Swift;MegaPunch;Toxic;MegaDrain;Surf;TriAttack;HornDrill;Selfdestruct;SkullBash;DreamEater;PayDay;SwordsDance;BubbleBeam;Metronome;DoubleTeam;Pound;HyperBeam;SeismicToss;Psychic;Substitute;Submission;Earthquake;Fissure;DoubleEdge;FireBlast;TakeDown;SkyAttack;Explosion;DragonRage;Fly;Psywave;SolarBeam;Cut;Reflect;Transform;RockSlide;Softboiled;Bide;RazorWind;Counter;Thunder;MegaKick;Flash;Blizzard;EggBomb;Whirlwind;Teleport;IceBeam,https://www.pokencyclopedia.info/sprites/gen5/ani_black-white/ani_bw_151.gif,mew

